video_id,video_url,title,upload_datetime,view_count,like_count,comment_count,tags,guest_type,topic_category,format_type,View_Count_Log,Estimated_Income_INR,duration,Title_Length,Description_Length,upload_hour,upload_dow,Days_Since_Published,guest_type_Diplomat,guest_type_Military_Veteran,guest_type_Other,guest_type_Politician,topic_category_Defense_Analysis,topic_category_Foreign_Policy,topic_category_General,topic_category_Geopolitics,topic_category_Internal_Affairs,format_type_Interview,format_type_Monologue_Explainer,format_type_Panel_Discussion
qXaF1t4ztRg,https://www.youtube.com/watch?v=qXaF1t4ztRg,Make in America! U.S. Tariff War and Its Global Impact | The Chanakya Dialogue | Major Gaurav Arya |,29-03-2025,110524,3800,128,"[""USA"", ""Donald Trump"", ""Trump Tariff"", ""Canada"", ""Mexico"", ""US Tariff on China"", ""US Mexico Relation"", ""US Tariff"", ""Mark Carney"", ""Trump's Auto Tariff"", ""USA President"", ""Trade War"", ""US Tariff Mexico"", ""Trump on Auto Import"", ""China USA Tariff War"", ""India USA Tariff"", ""Donald Trump Tariffs"", ""Car Tariffs"", ""Auto Tariffs"", ""Canadian Prime Minister"", ""US Tariff War"", ""Trump Trade War"", ""The Chanakya Dialogues"", ""Major Gaurav Arya""]",Military_Veteran,Geopolitics,Interview,11.61299702,13262.88,656,100,1997,0,5,141,0,1,0,0,0,0,0,1,0,1,0,0
at3xdCSW5fQ,https://www.youtube.com/watch?v=at3xdCSW5fQ,China Offers Friendship to India After Trump's Tariff| The Chanakya Dialogues | Major Gaurav Arya |,08-03-2025,1110714,39003,2500,"[""Donald Trump"", ""President Trump"", ""Xi Jin Ping"", ""PM Modi"", ""India China Relation"", ""Elon Musk"", ""Russia"", ""India US Relation"", ""Trump Tariffs"", ""Line of Actual Control"", ""Reciprocal Tariffs"", ""India China Conflicts"", ""Chinese Goods"", ""Trump Tariffs on India"", ""Trump Tariffs on China"", ""Galwan Valley"", ""India China Border Dispute"", ""Zelenskyy"", ""The Chanakya Dialogues"", ""Major Gaurav Arya"", ""India Russia Relation"", ""F-15 Eagle"", ""Tariff War"", ""Joe Biden"", ""Geopolitics"", ""tcd video"", ""major gaurav arya new video""]",Military_Veteran,Geopolitics,Interview,13.92051451,133285.68,942,99,1906,0,5,162,0,1,0,0,0,0,0,1,0,1,0,0
Rm79yXU3p80,https://www.youtube.com/watch?v=Rm79yXU3p80,India Fights Back: No Mercy for Terror |  Major Gaurav Arya | The Chanakya Dialogues Hindi|,27-04-2025,2613980,133177,21000,"[""The Chanakya Dialogues"", ""Major Gaurav Arya"", ""TRF"", ""The Resistance Front"", ""Shehbaz Sharif"", ""Pakistan"", ""Pahalgam Terror Attack"", ""Pahalgam Terrorist Attack"", ""26/11 Attack"", ""India Pakistan Conflict"", ""Indian Army"", ""Pakistan Government"", ""India Pakistan Border"", ""POK"", ""Line of Control"", ""Kashmir Attack"", ""Hafiz Saeed"", ""Lashkar-e-Taiba"", ""Baloch Liberation Army"", ""BLA"", ""Balochistan"", ""Kashmir Issue"", ""Kashmir Dispute"", ""India Pakistan Tension"", ""Iran"", ""Hamas"", ""Hezbollah"", ""Israel Gaza War"", ""Pahalgam Tourist Attack"", ""Asim Munir""]",Military_Veteran,General,Interview,14.7763849,313677.6,1228,91,1853,0,6,112,0,1,0,0,0,0,1,0,0,1,0,0
mSLIiwPT4z4,https://www.youtube.com/watch?v=mSLIiwPT4z4,Trump threatens 50% tariff hike: China vows to fight till the end |The Chanakya Dialogues Major Arya,08-04-2025,786387,27718,1900,"[""US vs China"", ""Tarrif War"", ""Donald Trump"", ""Trump Administration"", ""Trump Tariff"", ""US Economy"", ""Trade War"", ""Trump Tariff on China"", ""Elon Musk"", ""China Economy"", ""US China Relation"", ""India US Relation"", ""US China Conflicts"", ""America First Policy"", ""China Border"", ""Stock Market Crash"", ""Indian Government"", ""Share Market"", ""Chinese Market"", ""Chinese Economy"", ""Trump Trade Policy"", ""The Chanakya Dialogues"", ""Major Gaurav Arya"", ""TCD new video"", ""European Union"", ""chanakya dialogues hindi"", ""trump threatens""]",Military_Veteran,Geopolitics,Interview,13.57520559,94366.44,1395,100,1963,0,1,131,0,1,0,0,0,0,0,1,0,1,0,0
YJwS2GTnmoE,https://www.youtube.com/watch?v=YJwS2GTnmoE,"US Strikes, Israel Attacks – The Hidden Battle for Oil & Power|The Chanakya Dialogues |Major Gaurav|",21-03-2025,62747,2970,121,"[""America"", ""Yemen"", ""Israel"", ""Houthies"", ""Gaza"", ""Trump"", ""Benjamin Netanyahu"", ""Red Sea"", ""Middle East"", ""Oil Trade"", ""Hamas"", ""Major Gaurav Arya"", ""The Chanakya Dialogues Hindi"", ""Trade"", ""USA"", ""Palestine"", ""Donald Trump"", ""Essam al- Dalis"", ""Dig baby dig"", ""United States Of America"", ""Iran"", ""Israel Gaza War""]",Military_Veteran,General,Interview,11.04688198,7529.64,298,100,1720,0,4,149,0,1,0,0,0,0,1,0,0,1,0,0
ZEDsMa9kIMk,https://www.youtube.com/watch?v=ZEDsMa9kIMk,"India Rains Fire from the Sky, Pakistan Destroyed Overnight|Major Gaurav Arya|The Chanakya Dialogues",09-05-2025,2509933,94337,9000,"[""the chanakya dialogues"", ""major gaurav arya"", ""operations sindoor"", ""indian strikes pakistan"", ""bla attack pakistan"", ""ttp attacks pakistan"", ""indian attacks pakistan"", ""india pakistan war"", ""india pakistan conflict"", ""indian army drone strikes"", ""bsf"", ""drone strikes pakistan"", ""india army"", ""s400 missile"", ""indian drones attack pak army"", ""india missiled s400 pak"", ""indian pakistan fight"", ""indian army"", ""loc"", ""indian navy"", ""shehbaz sharif"", ""asim munir"", ""pm modi"", ""ajit doval"", ""s jaishankar"", ""rajnath singh"", ""lac"", ""iaf""]",Diplomat,Geopolitics,Interview,14.73576702,301191.96,1894,100,1781,0,4,100,1,0,0,0,0,0,0,1,0,1,0,0
XkJmMSMi650,https://www.youtube.com/watch?v=XkJmMSMi650,Donald Trump slaps China with 125% Tariff amid Trade War | The Chanakya Dialogues Major Gaurav Arya,10-04-2025,695522,32893,1700,"[""Donald Trump"", ""China"", ""Tahawwur Hussain Rana"", ""Bangladesh India Relations"", ""Chicken neck Conflict"", ""USA Vs China"", ""26/11 Attack"", ""Mumbai Attack"", ""Taj Hotel Attack"", ""Trump Tariff"", ""US China Trade"", ""Bangladesh"", ""Muhammad Yunus"", ""India Bangladesh Relation"", ""India Bangladesh Trade"", ""Major Gaurav Arya"", ""Adani Electricity in Bangladesh"", ""the chanakya dialogues"", ""chanakya dialogues hindi"", ""donald trump slaps china"", ""tcd hindi"", ""major gaurav arya on tariff war"", ""the chanakya dialogues hindi""]",Military_Veteran,Geopolitics,Interview,13.45241936,83462.64,1682,99,1998,0,3,129,0,1,0,0,0,0,0,1,0,1,0,0
u76GUoOufu0,https://www.youtube.com/watch?v=u76GUoOufu0,Creating A Defence Ecosystem in India | SSS Defence | Accops Systems | Lt. Gen. Vinod G Khandare |,04-03-2025,8712,647,32,"[""the chanakya dialogues"", ""youtube live the chanakya dialogues conclave"", ""national security"", ""foreign affairs"", ""indian defence conclave"", ""geopolitics"", ""atmanirbhar in war"", ""atmanirbhar bharat"", ""national security conclave"", ""indian army"", ""indian navy"", ""indian air force"", ""indian defence"", ""indian military"", ""major gaurav arya"", ""defence reforms"", ""geopolitical conclave"", ""indian armed forces"", ""indian defence sector"", ""defence conclave"", ""army conclave"", ""military and defence"", ""chanakya forum"", ""tcd hindi""]",Military_Veteran,General,Interview,9.072571442,1045.44,2211,98,1542,0,1,166,0,1,0,0,0,0,1,0,0,1,0,0
CFmPvzXv7cs,https://www.youtube.com/watch?v=CFmPvzXv7cs,"Inside the Ceasefire:China’s Anger, America’s Satisfaction|The Chanakya Dialogues|Major Gaurav Arya|",14-05-2025,1119215,36991,4800,"[""India-Pakistan ceasefire"", ""China’s frustration"", ""America’s satisfaction"", ""Geopolitical strategies"", ""South Asian diplomacy"", ""Political and military strategies"", ""India’s sovereign stance"", ""International reactions"", ""Geopolitical game"", ""Ceasefire dynamics"", ""Major Gaurav Arya analysis"", ""India-Pakistan conflict"", ""Ceasefire implications"", ""India-Pakistan relations"", ""China-India-Pakistan relations"", ""Diplomatic moves"", ""Strategic analysis"", ""South Asia conflict resolution""]",Diplomat,Geopolitics,Interview,13.928139,134305.8,967,100,2070,0,2,95,1,0,0,0,0,0,0,1,0,1,0,0
alrmkKpzMOs,https://www.youtube.com/watch?v=alrmkKpzMOs,Ukraine Army Loses Hope. Putin Hammers Ukraine Frontline| The Chanakya Dialogues | Major Gaurav Arya,19-03-2025,730862,36018,1200,"[""Russia"", ""Ukraine"", ""Zelensky"", ""Vladimir Putin"", ""Donald Trump"", ""US"", ""Russian military"", ""Ukraine Military"", ""Russian Win"", ""Aatmanirbharta"", ""Aatmanirbhar Bharat"", ""Made in Russia"", ""GE"", ""Tejas"", ""Kaveri"", ""HAL"", ""Tank"", ""Europe"", ""China"", ""Russia Ukraine War"", ""60 Ukrainian soldiers"", ""Russian Capture"", ""El Pias"", ""Ceasefire"", ""Truce"", ""Trump Putin Phone Call"", ""Energy Industry"", ""Peace Treaty"", ""Military Aid"", ""NATO"", ""Canada"", ""Mexico"", ""Tariff War"", ""India"", ""Morality"", ""Eastern Europe"", ""Ukrainian Minerals"", ""Major Gaurav Arya"", ""The Chanakya Dialogues""]",Military_Veteran,General,Interview,13.50198131,87703.44,1159,100,1975,0,2,151,0,1,0,0,0,0,1,0,0,1,0,0
0nN0TUgSBXY,https://www.youtube.com/watch?v=0nN0TUgSBXY,PM Modi counters Trump's claim on ceasefire in Op Sindoor | The Chanakya Dialogues Major Gaurav Arya,13-05-2025,1728856,71206,12000,"[""the chanakya dialogues"", ""major gaurav arya"", ""pm modi"", ""pm modi speech"", ""donald trump"", ""usa india relations"", ""trump on india pakistan ceasefire"", ""india pakistan war"", ""india pakistan tensions"", ""pahalgam attack"", ""india strikes pakistan"", ""india pakistan ceasefire"", ""pahalgam terror attack"", ""trump on india pakistan"", ""india us trade"", ""india attack pakistan"", ""america india trades"", ""pm modi response on india pakistan"", ""indian army"", ""pakistan"", ""india"", ""pok"", ""narendra modi"", ""pakistan nuclear war"", ""loc"", ""lac""]",Diplomat,Foreign_Policy,Interview,14.36297105,207462.72,655,100,1911,0,1,96,1,0,0,0,0,1,0,0,0,1,0,0
TrpKnakUVSE,https://www.youtube.com/watch?v=TrpKnakUVSE,"US Tariffs: India Stays Calm, Others Panic | The Chanakya Dialogues Major Gaurav Arya |",04-04-2025,76985,3417,182,"[""Donald Trump"", ""Tariffs"", ""Reciprocal Tariffs"", ""India reciprocal tariffs"", ""Indias reply to tariff"", ""Canada"", ""UK"", ""China"", ""Xi Jinping"", ""Tariff on China"", ""Automobile tariff"", ""Indian Ministry of Commerce"", ""Japan"", ""Japan reciprocal tariff"", ""Liberation day"", ""Trade"", ""Indian economy"", ""Modi and Trump"", ""Reply to China"", ""US Economy"", ""International news"", ""Cars and Bikes"", ""Price hike"", ""US egg prices"", ""Global News"", ""Current Affairs"", ""Daily News"", ""Geopolitics"", ""Hindi News Trump"", ""The Chanakya Dialogues"", ""Major Gaurav Arya""]",Military_Veteran,General,Interview,11.25137887,9238.2,815,87,1787,0,4,135,0,1,0,0,0,0,1,0,0,1,0,0
7x6SVoam2I8,https://www.youtube.com/watch?v=7x6SVoam2I8,Trump's Big Statement & Who is Canada's New PM? | The Chanakya Dialogues | Major Gaurav Arya,10-03-2025,634302,23968,1100,"[""Mark Carney"", ""Trump"", ""Canada"", ""Food Banks"", ""51st State of US"", ""Canada-India"", ""Middle East"", ""West Asia"", ""Justin Trudeau"", ""Liberal Party"", ""Canadians"", ""US-Canada"", ""Donald Trump"", ""US Aid"", ""US"", ""China"", ""Xi Jinping"", ""China Lobby"", ""Pakistan"", ""Chinese Muslims"", ""Pakistani Cricketers"", ""Tariffs"", ""Russia"", ""Soviet"", ""Game on"", ""US-India Relation"", ""Tariffs on India"", ""Mexico"", ""Japan"", ""Bharat"", ""NRI"", ""European Union"", ""Arab States"", ""Gaza"", ""Palestine"", ""Egypt"", ""UK"", ""Italy"", ""France"", ""Germany"", ""Israel"", ""The Chanakya Dialogues"", ""Major Gaurav Arya""]",Military_Veteran,General,Interview,13.36028204,76116.24,1131,92,1958,0,0,160,0,1,0,0,0,0,1,0,0,1,0,0
QW4JFO2WSmU,https://www.youtube.com/watch?v=QW4JFO2WSmU,Pahalgam Incident: India's response hits Pakistan hard | The Chanakya Dialogues Major Gaurav Arya |,24-04-2025,4053863,190031,30000,"[""The Chanakya Dialogues"", ""Major Gaurav Arya"", ""Pahalgam Attack"", ""Pahalgam Terror Attack"", ""Pahalgam Terrorist Attack"", ""Pahalgam"", ""Kashmir Attack"", ""Kashmir Terrorist Attack"", ""India Pakistan relations"", ""Vikram Misri"", ""PM Modi"", ""Indus Water Treaty"", ""India Pakistan Conflict"", ""India Pakistan Tension"", ""Wagha Border"", ""Pakistan Diplomats"", ""Indian Basin Treaty"", ""Simla Agreement"", ""Ishaq Dar"", ""Asim Munir"", ""Indian Army"", ""Pakistan Army Chief"", ""India Pakistan War"", ""pok"", ""line of control"", ""india pak water dispute""]",Military_Veteran,Geopolitics,Interview,15.21518106,486463.56,1796,99,2279,0,3,115,0,1,0,0,0,0,0,1,0,1,0,0
D6eYEaXR8vw,https://www.youtube.com/watch?v=D6eYEaXR8vw,"Trump's Big Action on Canada, a Big Step Towards MAGA | The Chanakya Dialogues | Major Gaurav Arya |",05-03-2025,360999,18589,874,"[""Justin Trudeau"", ""Donald Trump"", ""Trump Gaza Plan"", ""Trump Tariffs"", ""Trudeau Resigns"", ""Oil and Gas in USA"", ""Oil Exporting Countries"", ""USA Economy"", ""Canadian Goods"", ""American Goods and Products"", ""Khalistani in Canada"", ""Drugs in USA"", ""Putin"", ""USA 51st State"", ""Canadian Economy"", ""European Nations"", ""Zelenskyy"", ""Russia Ukraine War"", ""Arab Leaders"", ""Reconstruction of Gaza"", ""War in Gaza"", ""The Chanakya Dialogues"", ""Major Gaurav Arya"", ""Hamas"", ""Hezbollah"", ""Israel Hamas War"", ""The Chanakya Diaries""]",Military_Veteran,General,Interview,12.79663324,43319.88,1015,100,1841,0,2,165,0,1,0,0,0,0,1,0,0,1,0,0
E4nFkfWrMXo,https://www.youtube.com/watch?v=E4nFkfWrMXo,A Veteran’s Plea: Protecting the Honor of Our Forces | Major Gaurav Arya | The Chanakya Dialogues |,16-05-2025,714409,33590,8200,"[""the chanakya dialogues"", ""major gaurav arya"", ""bjp mla"", ""indian army"", ""indian armed forces"", ""vyomika singh"", ""ramgopal yadav's remark on vyomika singh"", ""kunwar vijay shah"", ""samajwadi party"", ""yogi adityanath"", ""pm modi"", ""operation sindoor"", ""indian air force"", ""kunwar vijay shah remark on sophia qureshi"", ""vijay shah controversy"", ""madhya pradesh minister vijay shah"", ""vijay shah on sofia qureshi"", ""madhya pradesh minister speech"", ""pahalgam attack"", ""india political controversy"", ""india pakistan war""]",Military_Veteran,General,Interview,13.47921231,85729.08,685,99,1752,0,4,93,0,1,0,0,0,0,1,0,0,1,0,0
WtJsZqtCCvg,https://www.youtube.com/watch?v=WtJsZqtCCvg,Steel Fist- 92 Base Hospital Promo | The Chanakya Dialogues | Major Gaurav Arya |,22-03-2025,38909,2178,104,"[""Steel Fist"", ""Steel Fist New Episode"", ""Major Gaurav Arya"", ""The Chanakya Dialogues Hindi"", ""Base Hospital"", ""Indian Army"", ""Indian Army Hospital"", ""92 Base Hospital"", ""Trauma Care Centre"", ""Army Doctors"", ""Saving Lifes"", ""Kashmir"", ""Tamil Nadu"", ""Line Of Control"", ""Saving humans"", ""Protecting Life""]",Military_Veteran,General,Interview,10.56900657,4669.08,109,81,1502,0,5,148,0,1,0,0,0,0,1,0,0,1,0,0
5LrGXK7zbS4,https://www.youtube.com/watch?v=5LrGXK7zbS4,Why did Taliban free US citizen held in Afghanistan? | The Chanakya Dialogues Major Gaurav Arya |,22-03-2025,535265,31355,1100,"[""taliban"", ""pakistan"", ""china"", ""usa"", ""donald trump"", ""india"", ""us"", ""trump"", ""taliban trump"", ""us taliban"", ""taliban news"", ""taliban pakistan"", ""afghan taliban"", ""us afghanistan"", ""iran"", ""iran us"", ""iran taliban"", ""usa news"", ""trump on iran"", ""trump on taliban"", ""the chanakya dialogues"", ""the chanakya dialogues hindi"", ""tcd"", ""major gaurav arya"", ""gaurav arya"", ""indian army""]",Military_Veteran,General,Interview,13.1905191,64231.8,1217,97,1496,0,5,148,0,1,0,0,0,0,1,0,0,1,0,0
oUUCETN8_H4,https://www.youtube.com/watch?v=oUUCETN8_H4,"Trump Tariffs Smash China, Xi Jinping Scrambles for Backup |The Chanakya Dialogues Major Gaurav Arya",17-04-2025,507001,24406,1900,"[""The Chanakya Dialogues"", ""Major Gaurav Arya"", ""Donald trump"", ""XI Jinping"", ""US China Conflict"", ""US China Relation"", ""Trump Tariff"", ""Tariff War"", ""US China Tension"", ""XI Jin Ping Malaysia Visit"", ""India China Relation"", ""China Tariff"", ""Zelenskyy"", ""Ukraine"", ""President Zelenskyy"", ""Indian Defence"", ""Russia Weapons"", ""India Russia Deal"", ""Pakistan"", ""UN"", ""Hamas"", ""Israel Hamas War"", ""Pakistan on Israel"", ""General Asim Munir"", ""Pakistan Army Chief"", ""Asim Munir Speech"", ""chanakya dialogues hindi"", ""chanakya dialogues latest""]",Military_Veteran,Geopolitics,Interview,13.13627023,60840.12,1700,100,2288,0,3,122,0,1,0,0,0,0,0,1,0,1,0,0
O025Zdg1RQ4,https://www.youtube.com/watch?v=O025Zdg1RQ4,"Indian Army Strikes Back, Pakistan is Burning | Major Gaurav Arya | The Chanakya Dialogues",08-05-2025,2571788,122359,12000,"[""operation sindoor"", ""indian attacks pakistan"", ""india strikes pakistan"", ""indian pakistan war"", ""drone strikes pakistan"", ""indian drone attack pakistan"", ""indian army"", ""indian navy"", ""indian air force"", ""pm modi"", ""rajnath singh"", ""asim munir"", ""pakistan army"", ""shehbaz sharif"", ""india pakistan tensions"", ""pahalgam terror attack"", ""jaish-e-mohammed"", ""india pakistan news live"", ""India Pakistan Tension"", ""poonch attack"", ""pinaka"", ""bla attack pakistan"", ""balochistan attack"", ""the chanakya dialogue"", ""major gaurav arya""]",Military_Veteran,Geopolitics,Interview,14.76011232,308614.56,1835,90,2018,0,3,101,0,1,0,0,0,0,0,1,0,1,0,0
qnGKL9eoxsE,https://www.youtube.com/watch?v=qnGKL9eoxsE,"Time to Attack Bangladesh, Break it into Two | The Chanakya Dialogues | Major Gaurav Arya",02-04-2025,766655,41583,4600,"[""the chanakya dialogues"", ""major gaurav arya"", ""bangladesh"", ""china"", ""mohammad yunus"", ""hemant biswa sharma"", ""assam cm"", ""chicken neck corridor"", ""bangladesh interim govt"", ""yunus china visits"", ""indian bangladesh relations"", ""himanta on yunus"", ""india bangladesh"", ""muhammad yunus cina visit"", ""muhammad yunus jinping meet"", ""muhammad yunus on india ties"", ""india bangladesh ties"", ""bangladesh china relations"", ""bangladesh pakistan relations"", ""bangladesh chief adviser"", ""chanakya dialogues hindi"", ""tcd hindi""]",Military_Veteran,General,Interview,13.54979348,91998.6,941,89,1762,0,2,137,0,1,0,0,0,0,1,0,0,1,0,0
kbHfrhJ-rTg,https://www.youtube.com/watch?v=kbHfrhJ-rTg,China Begs Trump for Mercy After 245% Tariff | The Chanakya Dialogues Major Gaurav Arya |,18-04-2025,690838,26226,1300,"[""The Chanakya Dialogues"", ""Major Gaurav Arya"", ""Iran"", ""USA"", ""Iran US Conflicts"", ""Iran US Nuclear Talks"", ""Houthis"", ""US Attack Houthis"", ""Houthi Rebels"", ""Hamas"", ""Hezbollah"", ""5th Generation fighter Jet"", ""Middle East"", ""Iran Proxy"", ""XI Jin Ping"", ""Vietnam"", ""US China Trade"", ""Trade War"", ""Donald Trump"", ""US China"", ""Trump Tariff"", ""Zelenksyy"", ""Russia Ukraine War"", ""CIA"", ""Ukraine War"", ""Rare Earth Mineral"", ""Mark Carney"", ""Canadian Prime Minister"", ""china us trade war"", ""chanakya dialogues hindi"", ""the chanakya dialogues hindi""]",Military_Veteran,Geopolitics,Interview,13.44566208,82900.56,1487,89,1916,0,4,121,0,1,0,0,0,0,0,1,0,1,0,0
mUSFVsSdfrI,https://www.youtube.com/watch?v=mUSFVsSdfrI,Operation Sindoor: How did Indian Armed Forces Hit PAK? | The Chanakya Dialogues Major Gaurav Arya |,15-05-2025,662957,26223,2800,"[""The Chanakya Dialogues"", ""Major Gaurav Arya"", ""Operation Sindoor"", ""India Pakistan conflict"", ""Safehouse meeting"", ""Midnight military decision"", ""Strategic shift"", ""Indian Armed Forces"", ""Pakistan airbase strike"", ""Modi Pakistan response"", ""India strikes back"", ""Indian military operation"", ""Ajit Doval""]",Military_Veteran,General,Interview,13.40446692,79554.84,887,100,1488,0,3,94,0,1,0,0,0,0,1,0,0,1,0,0
LfBTXyPaQD4,https://www.youtube.com/watch?v=LfBTXyPaQD4,Trump halts US Military Funding for Ukraine after clash with Zelenskyy | The Chanakya Dialogues |,04-03-2025,569463,30128,1100,"[""Zelenskyy"", ""Trump Zelenskyy clash"", ""Trump-Zelenskyy meet"", ""Trump Zelenskyy video"", ""Volodomyr Zelenskyy"", ""Donald Trump"", ""Russia Ukraine War"", ""Putin"", ""War in Ukraine"", ""White House"", ""Military AID"", ""Trump Zelenskyy Argument"", ""European Union"", ""Zelenskyy on India"", ""Trump Tariffs"", ""US China Relations"", ""US Tariffs"", ""The Chanakya Dialogues"", ""Major Gaurav Arya"", ""The Chanakya Diaries"", ""Russia Ukraine Peacedeal""]",Military_Veteran,Defense_Analysis,Interview,13.25245085,68335.56,1126,97,1880,0,1,166,0,1,0,0,1,0,0,0,0,1,0,0
4PBFbuLcRZI,https://www.youtube.com/watch?v=4PBFbuLcRZI,"India's Fury Unleashed on Pakistan, ready for war | The Chanakya Dialogues Major Gaurav Arya |",25-04-2025,3411619,177444,27000,"[""The Chanakya Dialogues"", ""Major Gaurav Arya"", ""Pahalgam Attack"", ""Pahalgam Terrorist Attack"", ""Pahalgam Terror Attack"", ""Pahalgam Tourist Attack"", ""INS Vikrant"", ""Indian Navy"", ""Indian Army"", ""Pakistan"", ""INS Arihant"", ""Nuclear Submarines"", ""Line of Control"", ""India Pakistan Tension"", ""India Pakistan Conflict"", ""India Pakistan"", ""Jaish-e-Mohammad"", ""Pakistani Media"", ""India vs Pakistan"", ""Rafale Jet"", ""Indian Air Force"", ""General Upendra Dwivedi"", ""Kashmir Attack"", ""Khwaja Asif"", ""Ishaq Dar"", ""Simla Agreement"", ""loc border""]",Military_Veteran,Geopolitics,Interview,15.04269781,409394.28,1647,94,1986,0,4,114,0,1,0,0,0,0,0,1,0,1,0,0
OWRw8cscJLM,https://www.youtube.com/watch?v=OWRw8cscJLM,India plans final assault on Pakistan | The Chanakya Dialogues Major Gaurav Arya |,05-05-2025,2034156,85796,10000,"[""IndiaPakistanTensions"", ""MajorGauravArya"", ""TheChanakyaDialogues"", ""PakistanCrisis"", ""MilitaryRetaliation"", ""KishangangaDam"", ""IndianNavy"", ""IndianAirForce"", ""PakistanLockedDown"", ""WaterWar"", ""PakistanBeggingForHelp"", ""PakistanIsolation"", ""IndiaDiplomacy"", ""PakistanExposed"", ""IndoPakConflict"", ""WaterCutoff"", ""IndianDefenses"", ""IndiaRetaliates"", ""GeopoliticalTensions""]",Military_Veteran,Geopolitics,Interview,14.52559204,244098.72,1726,82,1864,0,0,104,0,1,0,0,0,0,0,1,0,1,0,0
7s22ag6I7tc,https://www.youtube.com/watch?v=7s22ag6I7tc,BLA Hijacked Jaffar Express in Pakistan | The Chanakya Dialogues | Major Gaurav Arya |,12-03-2025,1130215,63158,5600,"[""Balochistan"", ""Baloch Liberation Army"", ""KPK"", ""Pakistan"", ""BLA"", ""Pakistan Media"", ""India"", ""Jaffar Express"", ""Quetta"", ""Train Hijack"", ""Majid Brigade"", ""Fateh Squad"", ""STOS"", ""Train Tracks"", ""Pakistan Army"", ""Baloch Nationals"", ""Pakistani Soldiers"", ""Baloch Freedom Movement"", ""Mahrang Baloch"", ""Islamabad"", ""Pakistan Military Establishment"", ""370 & 35A"", ""Kashmir"", ""POK"", ""Baloch Minerals"", ""Oman"", ""Nehru"", ""Ladakh"", ""Activists"", ""Human Rights"", ""Pashtuns"", ""Lahore"", ""Champions Trophy"", ""Major Gaurav Arya"", ""The Chanakya Dialogues""]",Military_Veteran,Geopolitics,Interview,13.93791932,135625.8,1390,86,1938,0,2,158,0,1,0,0,0,0,0,1,0,1,0,0
QUWneG3jF-o,https://www.youtube.com/watch?v=QUWneG3jF-o,"Pakistani Dreams Shattered, India's Fury Is Approaching! | The Chanakya Dialogues Major Gaurav Arya",28-04-2025,2071247,109690,15000,"[""Major Gaurav Arya"", ""The Chanakya Dialogues"", ""Pahalgam Attack"", ""Pahalgam Terror Attack"", ""India Pakistan Conflict"", ""Kashmir Attack"", ""All Eyes Attack on Pahalgam"", ""Mohsin Naqvi"", ""Nuclear Weapons"", ""PM Modi"", ""Shahid Afridi"", ""Indian Army"", ""Asim Munir"", ""INS Vikrant"", ""Pakistani Youtubers"", ""India Pakistan War"", ""Pakistan China Relation"", ""Pakistan Government"", ""Pakistan Army"", ""Line of Control"", ""Pakistan Navy"", ""Indian Navy"", ""BRAHMOS"", ""PoK"", ""Gilgit Baltistan"", ""Pinaka"", ""Nawaz Sharif"", ""Shehbaz Sharif"", ""loc kargil""]",Military_Veteran,Geopolitics,Interview,14.54366188,248549.64,1843,99,2112,0,0,111,0,1,0,0,0,0,0,1,0,1,0,0
HHIEuGdnHhU,https://www.youtube.com/watch?v=HHIEuGdnHhU,Why Pakistan Fears Dr. Mahrang Baloch & the Baloch Freedom Movement | The Chanakya Dialogue |,25-03-2025,169397,8556,1000,"[""Balochistan"", ""Pakistan"", ""India supports Balochistan"", ""Indian Supports Mahrang Baloch"", ""Balochistan vs Pakistan State"", ""Pakistani Army"", ""BLA"", ""TTP"", ""Free Balochistan Movement"", ""Save Baloch Women"", ""Free Balochistan"", ""India stands with Baloch"", ""Baloch fighter"", ""Mahrang Baloch the new leader"", ""Find missing Baloch people"", ""Major Gaurav Arya"", ""The Chanakya Dialogues Hindi"", ""Indian Army"", ""Balochistan National Gathering"", ""America"", ""Fighter jets"", ""Muhammad Ali Jinnah"", ""F16 Fighter Jets""]",Military_Veteran,Geopolitics,Interview,12.04000625,20327.64,355,93,1914,0,1,145,0,1,0,0,0,0,0,1,0,1,0,0
O92gKpb8ITQ,https://www.youtube.com/watch?v=O92gKpb8ITQ,Who is Pakistan's DG ISPR Lt Gen Ahmed Sharif Chaudhary father? | Major Gaurav Arya |,12-05-2025,1252452,42777,16000,"[""Pakistan"", ""Lieutenant General Ahmed Sharif Chaudhry"", ""ISPR"", ""Sultan Bashiruddin Mahmood"", ""nuclear program"", ""al-Qaeda"", ""Osama bin Laden"", ""Ayman al-Zawahiri"", ""djinns"", ""energy crisis"", ""Ummah Tameer-e-Nau"", ""Taliban"", ""weapons of mass destruction"", ""United Nations sanctions"", ""Pakistan's nuclear secrets"", ""nuclear weapons"", ""security threats"", ""Chaudhry family legacy.""]",Military_Veteran,Geopolitics,Interview,14.04061459,150294.24,775,85,2021,0,0,97,0,1,0,0,0,0,0,1,0,1,0,0
yG3AZ3n1NGk,https://www.youtube.com/watch?v=yG3AZ3n1NGk,Pakistan’s Endgame: India’s Ready for Action | Major Gaurav Arya | The Chanakya Dialogues |,29-04-2025,3068226,125558,12000,"[""The Chanakya Dialogues"", ""Major Gaurav Arya"", ""Pahalgam Attack"", ""India Pakistan Conflict"", ""India Pakistan Tension"", ""Shehbaz Sharif"", ""Line of Control"", ""Indian Army"", ""Pakistan Army"", ""Rajnath Singh"", ""PM Modi"", ""Islamic Terrorism"", ""Pahalgam Incident"", ""Army Chief Anil Chauhan"", ""Kashmir Attack"", ""NSA"", ""Afghan Taliban"", ""Durand Line"", ""Balochistan"", ""Indian Air force"", ""India Pakistan Border"", ""INS Vikrant"", ""Turkey"", ""Cabinet Meeting on Pahalgam Attack"", ""Amit Shah"", ""Ajit Doval"", ""Gaurav Arya new video"", ""erdogan""]",Diplomat,Geopolitics,Interview,14.93661043,368187.12,1532,91,2185,0,1,110,1,0,0,0,0,0,0,1,0,1,0,0
vs0L-Xw4m9A,https://www.youtube.com/watch?v=vs0L-Xw4m9A,"Zero Tolerance for Terror, India Sends Tharoor to UN | Major Gaurav Arya | The Chanakya Dialogues",17-05-2025,872031,41094,3900,"[""the chanakya dialogues"", ""major gaurav arya"", ""india pakistan war"", ""operation sindoor"", ""p. v. narasimha rao"", ""bjp"", ""congress"", ""india pakistan ceasefire"", ""pahalgam attack"", ""shashi tharoor"", ""india pakistan tensions"", ""pm modi"", ""unsc"", ""kiren rijiju"", ""congress party"", ""indian foreign policy"", ""all-party delegation"", ""jairam ramesh"", ""diplomatic outreach"", ""anand sharma"", ""gaurav gogoi"", ""supriya sule"", ""kanimozhi karunanidhi"", ""ravi shankar prasad"", ""baijayant panda"", ""international relations"", ""india diplomacy""]",Military_Veteran,Foreign_Policy,Interview,13.6785814,104643.72,633,97,1797,0,5,92,0,1,0,0,0,1,0,0,0,1,0,0
6tWsqL3jEb8,https://www.youtube.com/watch?v=6tWsqL3jEb8,Operation Sindoor: 25 Minutes That Crushed Pakistan | Major Gaurav Arya | The Chanakya Dialogues|,07-05-2025,4932833,213244,29000,"[""the chanakya dialogues"", ""major gaurav arya"", ""operation sindoor"", ""india attack pakistan"", ""operation sindoor india"", ""indian army"", ""pm modi"", ""army operation sindoor"", ""attack on pakistan"", ""india strikes pakistan"", ""indian pakistan war"", ""pahalgam"", ""mock drill india"", ""indian navy"", ""iaf"", ""india missile attack"", ""indo pak war"", ""pok"", ""india vs pakistan"", ""loc"", ""army attacks pakistan"", ""war between india and pakistan"", ""india pak war"", ""major gaurav arya on pahalgam"", ""chanakya dialogues hindi"", ""india pakistan clash""]",Military_Veteran,Geopolitics,Interview,15.41142423,591939.96,1553,97,1806,0,2,102,0,1,0,0,0,0,0,1,0,1,0,0
8c3LTwB8Mw4,https://www.youtube.com/watch?v=8c3LTwB8Mw4,Yunus plans a coup against the Bangladesh Army Chief | The Chanakya Dialogues Major Gaurav Arya,14-04-2025,769204,34979,2900,"[""the chanakya dialogues"", ""major gaurav arya"", ""bangladesh"", ""muhammad yunus"", ""sheikh hasina"", ""indian bangladesh relations"", ""khalilur rahman"", ""bangladesh protest"", ""interim government bangladesh"", ""bangladeshi hindus attacks"", ""Jamaat-e-Islami"", ""Hindu Violence Bangladesh"", ""Bangladesh crisis"", ""India Bangladesh Relation"", ""India Bangladesh Trade"", ""Chicken Neck"", ""Bangladesh Textile"", ""Bangladesh Pakistan Relation"", ""Adani Port"", ""ISI"", ""Bangladesh China Relation"", ""chanakya dialogues hindi"", ""india hits bangladesh""]",Military_Veteran,Foreign_Policy,Interview,13.55311279,92304.48,1798,95,1834,0,0,125,0,1,0,0,0,1,0,0,0,1,0,0
SkquTAMyywo,https://www.youtube.com/watch?v=SkquTAMyywo,India’s Digital Strike: China & Turkey Targeted | Major Gaurav Arya The Chanakya Dialogues |,14-05-2025,1420729,66510,7800,"[""the chanakya dialogues"", ""major gaurav arya"", ""india pakistan ceasefire"", ""india pakistan war"", ""india pakistan tensions"", ""asim munir"", ""shehbaz sharif"", ""pak propaganda"", ""india china ties"", ""india china relations"", ""bsf"", ""india vs pakistan"", ""indian drones strikes pakistan"", ""pahalgam terror attack"", ""operation keller"", ""operation sindoor"", ""india attacks pakistan"", ""donald trump"", ""global times"", ""xinhua news"", ""ban"", ""india blocks china x accounts"", ""J-10 Fighter Jets"", ""China Aerospace"", ""Avic Chengdu Aircraft""]",Military_Veteran,Geopolitics,Interview,14.16668138,170487.48,1795,92,1805,0,2,95,0,1,0,0,0,0,0,1,0,1,0,0
wrvAdHL1nTg,https://www.youtube.com/watch?v=wrvAdHL1nTg,What are Putin's Five Demands for Ceasefire? | Major Gaurav Arya | The Chanakya Dialogues |,15-03-2025,706556,30177,1100,"[""Donald Trump"", ""President Putin"", ""President Zelenskyy"", ""President Trump"", ""Henry Kissinger"", ""Russia Ukraine War"", ""Indian foreign Policy"", ""US Aid"", ""Trump on Zelenskyy"", ""White House"", ""US President Trump"", ""Putin"", ""Trump on India"", ""Emmanuel Macron"", ""NATO"", ""War in Ukraine"", ""Joe Biden"", ""Europe"", ""Indian Defence Manufacturer"", ""Russian Army"", ""Nuclear Superpower"", ""US Russia Relation"", ""The Chanakya Dialogues"", ""Major Gaurav Arya"", ""Rafael Fighter Jet"", ""Indian Defence"", ""Indian Weapons""]",Military_Veteran,General,Interview,13.46815916,84786.72,1208,91,1830,0,5,155,0,1,0,0,0,0,1,0,0,1,0,0
BuBw_oGFX6c,https://www.youtube.com/watch?v=BuBw_oGFX6c,Rajnath Singh questions safety of nuclear weapons in Pak | Major Gaurav Arya The Chanakya Dialogues,15-05-2025,1250248,48001,5900,"[""pakistan"", ""rajnath singh"", ""india"", ""operation dost"", ""turkey"", ""pm modi"", ""indian army"", ""asim munir"", ""pakistan nuclear"", ""major gaurav arya"", ""balochistan"", ""balochistan freedom"", ""munir shehbaz"", ""pakistan india"", ""rajnath singh srinagar"", ""srinagar"", ""jammu kashmir"", ""turkish drones"", ""turkey pakistan"", ""azerbaijan"", ""armenia"", ""israel india pakistan"", ""iran major gaurav arya"", ""major gaurav arya iran"", ""pakistan iran"", ""the chanakya dialougues"", ""tcd"", ""tcd hindi"", ""tcd major"", ""operation sindoor"", ""Rajnath Singh visits Srinagar""]",Diplomat,Defense_Analysis,Interview,14.03885329,150029.76,2453,99,2590,0,3,94,1,0,0,0,1,0,0,0,0,1,0,0
gUc8ngeMB_Q,https://www.youtube.com/watch?v=gUc8ngeMB_Q,"92 Base Hospital - Touching Hearts, Saving Lives | Steel Fist | The Chanakya Dialogues | Major Arya",23-03-2025,430327,14978,1000,"[""steel fist"", ""indian army"", ""92 base hospital"", ""army"", ""jammu and kashmir"", ""j&k"", ""army hospital"", ""92 bh"", ""major gaurav arya"", ""army 92 base hospital"", ""the chanakya dialogues"", ""tcd hindi"", ""tcd"", ""major arya"", ""loc"", ""steel fist expert"", ""adgpi"", ""army news"", ""army hospital jammu kashmir""]",Military_Veteran,General,Interview,12.97230299,51639.24,2715,99,1434,0,6,147,0,1,0,0,0,0,1,0,0,1,0,0
oDeMJMaZ2L4,https://www.youtube.com/watch?v=oDeMJMaZ2L4,Donald Trump slaps China with 245% Tariff | The Chanakya Dialogues | Major Gaurav Arya |,16-04-2025,888235,37542,2200,"[""The Chanakya Dialogues"", ""Major Gaurav Arya"", ""US China Conflict"", ""US China Trade"", ""Tariff war"", ""Trade War"", ""Donald Trump"", ""US Iran War"", ""Zelenskyy"", ""Russia Ukraine War"", ""Trump Tariffs"", ""Putin"", ""US China Trade War"", ""NATO"", ""Cyber Attack"", ""US Iran Nuclear Talks"", ""US Iran Conflicts"", ""US China Trade Relation"", ""Tik Tok"", ""us tariffs"", ""us china tariff war"", ""trump tariffs china"", ""china tariffs"", ""Putin vs Zelenskyy"", ""Russia Ukraine Conflict"", ""Xi Jinping"", ""trump vs jinping"", ""chanakya dialogues hindi"", ""tcd hindi""]",Military_Veteran,Geopolitics,Interview,13.69699275,106588.2,1966,88,1849,0,2,123,0,1,0,0,0,0,0,1,0,1,0,0
7lQodpWFvIc,https://www.youtube.com/watch?v=7lQodpWFvIc,Indians Must Protect Themselves from Khalistanis in UK |The Chanakya Dialogues | Major Gaurav Arya |,08-03-2025,52686,4486,467,"[""UK"", ""S. Jaishankar"", ""Modi"", ""Khalistan"", ""London"", ""Attack on Jaishankar"", ""UK High Commission"", ""Ministry of External Affairs"", ""Indian Government"", ""Indian Embassy"", ""Radical Islamist"", ""Radicalisation"", ""Canada"", ""Keir Starmer"", ""British"", ""England"", ""Indian Army"", ""Hindus"", ""Temple"", ""Attack on Temples"", ""UK Hindus"", ""Armed Security"", ""London Underworld"", ""Sikhs"", ""Indians in UK"", ""Think Tank"", ""Hindus under threat"", ""British Law"", ""Gurudwara"", ""Rule of Law"", ""Pannun"", ""Pro-Khalistan"", ""The Chanakya Dialogues"", ""Major Gaurav Arya""]",Military_Veteran,General,Interview,10.87212402,6322.32,408,100,1705,0,5,162,0,1,0,0,0,0,1,0,0,1,0,0
mXSKQCty5VI,https://www.youtube.com/watch?v=mXSKQCty5VI,TRUMP GOES TO WAR WITH TARIFFS. INDIA TAKES ADVANTAGE | The Chanakya Dialogues | Major Gaurav Arya |,28-03-2025,769457,22565,724,"[""USA"", ""Donald Trump"", ""Trump Tariff"", ""Canada"", ""Mexico"", ""US Tariff"", ""Canadian Prime Minister"", ""US tariff war"", ""The Chanakya Dialogues"", ""Major Gaurav Arya"", ""US China Relation"", ""US Mexico Trade War"", ""Tariff War"", ""the chanakya dialogues hindi"", ""chanakya dialogues video"", ""Trump goes to war"", ""donald trump"", ""trump auto tariff"", ""trade war"", ""us tariff mexico"", ""trump on auto import"", ""china usa tariff war"", ""india usa tariff"", ""donald trump tariffs"", ""car tariffs"", ""auto tariffs"", ""canadian prime minister"", ""tcd hindi""]",Military_Veteran,General,Interview,13.55344165,92334.84,1817,100,1945,0,4,142,0,1,0,0,0,0,1,0,0,1,0,0
Lvi9YC1EbO4,https://www.youtube.com/watch?v=Lvi9YC1EbO4,Why did Trump and Zelenskyy argue in front of the media at the White House? | Major Gaurav Arya |,02-03-2025,2289374,83072,4800,"[""Zelensky"", ""Trump Zelensky clash"", ""Trump-Zelenskyy meet"", ""trump zelenskyy video"", ""jd vance"", ""jd vance zelenskyy"", ""trump zelensky clash"", ""trump zelensky"", ""zelensky news"", ""Volodomyr Zelensky"", ""Donald Trump"", ""Trump Zelensky"", ""Trump Zelensky argument at white house"", ""trump zelensky live"", ""Trump Zelensky Meet"", ""trump zelensky meeting"", ""Trump Zelensky hindi"", ""Trump Zelensky news"", ""Trump Zelensky Row"", ""trump zelensky spar"", ""Trump zelensky vance"", ""major gaurav arya"", ""the chanakya dialogues""]",Military_Veteran,General,Interview,14.64378941,274724.88,1110,97,1198,0,6,168,0,1,0,0,0,0,1,0,0,1,0,0
p_YyoO4qE18,https://www.youtube.com/watch?v=p_YyoO4qE18,Bharat Forge: Artillery of India | The Chanakya Dialogues Major Gaurav Arya | DefTech |,30-03-2025,404243,15969,912,"[""Kalyani M4"", ""Weapons Factory"", ""Small Arms"", ""Armed Vehicles"", ""Aircraft Engines"", ""Indian Army"", ""Bharat Forge Aerospace"", ""Rolls Royce"", ""Weapons Manufacturing"", ""Artillery Guns"", ""Army Weapons"", ""9 MM Guns"", ""7.62 MM"", ""Howitzer"", ""Artilllery Weapons"", ""The Chanakya Dialogues"", ""Major Gaurav Arya"", ""DefTech"", ""Bharat Forge"", ""Kalyani Strategic Manufacturin"", ""Indian Defense Manufacturer"", ""Defence Show"", ""Aatmanirbhar Bharat""]",Military_Veteran,General,Interview,12.90977394,48509.16,1108,87,1852,0,6,140,0,1,0,0,0,0,1,0,0,1,0,0
jIgcKP-dTDY,https://www.youtube.com/watch?v=jIgcKP-dTDY,Trump 'The Madman' & Global Stock Market Crash | The Chanakya Dialogues | Major Gaurav Arya,07-04-2025,784217,25213,1700,"[""the chanakya dialogues"", ""major gaurav arya"", ""donald trump"", ""trump tariff war"", ""global stock crash"", ""tesla ceo elon musk"", ""trump tariffs"", ""jeff bezos"", ""trump tariffs china"", ""stocks market crash"", ""trump tariffs india"", ""global markets crash"", ""donald trump tariffs"", ""tariffs impact on economy"", ""china tariffs"", ""bse sensex"", ""hands off protest"", ""anti-trump protests"", ""chanakya dialogues hindi"", ""doge"", ""protest in america"", ""us china conflict"", ""tejas mark"", ""trump madman"", ""tcd hindi major gaurav arya"", ""tcd""]",Military_Veteran,Geopolitics,Interview,13.57244232,94106.04,1601,91,1828,0,0,132,0,1,0,0,0,0,0,1,0,1,0,0
zgVDCQFBGkQ,https://www.youtube.com/watch?v=zgVDCQFBGkQ,Major Gaurav Arya Exposes the Truth About Chicken’s Neck & Bangladesh | The Chanakya Dialogues |,02-04-2025,943896,26323,4000,"[""the chanakya dialogues"", ""major gaurav arya"", ""bangladesh"", ""muhammad yunus"", ""donald trump"", ""bangladesh us ties"", ""usa bangladesh relations"", ""trump yunus"", ""us president trump"", ""us aid bangladesh"", ""bangladesh interim govt"", ""china bangladesh relations"", ""india bangladesh conflict"", ""yunus china visits"", ""yunus meets jinping"", ""sheikh hasina"", ""indian army"", ""india chicken neck"", ""chicken's neck stratgey"", ""india bangladesh relations"", ""bangladesh crisis"", ""bangladesh india"", ""mohammad yunus america"", ""joe biden""]",Military_Veteran,General,Interview,13.75777233,113267.52,754,96,1574,0,2,137,0,1,0,0,0,0,1,0,0,1,0,0
kKqFrJiOiRM,https://www.youtube.com/watch?v=kKqFrJiOiRM,Why NATO Countries Are Rethinking US Fighter Jet Purchases|The Chanakya Dialogues |Major Gaurav|,22-03-2025,269277,8836,400,"[""NATO"", ""NATO Allies"", ""Indian Army"", ""Indian Air Force"", ""Indian Navy"", ""T90 Tank"", ""AWACS"", ""Varunastra"", ""German Parliament"", ""Defence Budget"", ""USA"", ""Trump"", ""F35 Fighter Jet"", ""Indian Defence Manufacturer"", ""Rajnath Singh"", ""Major Gaurav Arya"", ""The Chanakya Dialogues Hindi"", ""Ministry Of Defence"", ""PM Modi"", ""54000 Crore"", ""New Weapons"", ""Army Update"", ""Trump vs NATO"", ""Navy Update""]",Military_Veteran,Foreign_Policy,Interview,12.50349958,32313.24,448,96,1646,0,5,148,0,1,0,0,0,1,0,0,0,1,0,0
u42t7Zj01K8,https://www.youtube.com/watch?v=u42t7Zj01K8,PM Modi’s Direct Hit on Md Yunus at BIMSTEC Summit | The Chanakya Dialogues | Major Gaurav Arya,04-04-2025,1423965,51391,7000,"[""the chanakya dialogues"", ""major gaurav arya"", ""bimstec summit"", ""pm modi"", ""modi meets yunus"", ""india bangladesh relations"", ""former pm shiekh hasina"", ""modi in bimstec summit"", ""bimstec summit 2025"", ""k p sharma oli"", ""nepal pm"", ""bangkok"", ""thailand"", ""modi sri lanka visit"", ""pm modi meets nepal pm"", ""modi in thailand"", ""k.p. sharma oli"", ""bangladesh chief adviser"", ""muhammad yunus"", ""rime minsiter narendra modi"", ""modi thailand visit"", ""pm modi thailand visit"", ""modi meets kp sharma oli"", ""chanakya dialogues hindi""]",Military_Veteran,Foreign_Policy,Interview,14.16895649,170875.8,2056,95,2077,0,4,135,0,1,0,0,0,1,0,0,0,1,0,0
FdFsRi4b_E0,https://www.youtube.com/watch?v=FdFsRi4b_E0,"DAC approves Rs 54,000-Crore Proposals To Buy Weapons | The Chanakya Dialogues Major Gaurav Arya |",21-03-2025,851261,35361,1300,"[""NATO"", ""NATO Allies"", ""Indian Army"", ""Indian Air Force"", ""Indian Navy"", ""T90 Tank"", ""AWACS"", ""Varunastra"", ""German Parliament"", ""Defence Budget"", ""USA"", ""Trump"", ""F35 Fighter Jet"", ""Indian Defence Manufacturer"", ""Rajnath Singh"", ""Major Gaurav Arya"", ""The Chanakya Dialogues Hindi"", ""Ministry Of Defence"", ""PM Modi"", ""54000 Crore"", ""New Weapons"", ""Army Update"", ""Trump vs NATO"", ""Navy Update""]",Military_Veteran,Defense_Analysis,Interview,13.65447523,102151.32,1242,98,2079,0,4,149,0,1,0,0,1,0,0,0,0,1,0,0
UxBqrMLDUt4,https://www.youtube.com/watch?v=UxBqrMLDUt4,US to sanction PAK Army Chief Gen Asim Munir | TCD Hindi Major Gaurav Arya |,25-03-2025,586236,29684,1900,"[""Trump"", ""Trump Sanction Pakistan"", ""Joe Wilson"", ""Pakistan Democracy Act"", ""Asim Munir"", ""New Bill Sanctions Asim Munir"", ""Free Former PM Imran Khan"", ""LT GEN Asim Malik"", ""Chief Of Army Staff"", ""Pakistan Military"", ""Pakistani General"", ""Imran Khan"", ""Release Imran Khan"", ""Major Gaurav Arya"", ""The Chanakya Dialogues"", ""USA and Pakistan Relations"", ""America"", ""Iran"", ""F16 Fighter Jets"", ""Pakistan Backstabs Iran"", ""Donald Trump"", ""Pakistan Army"", ""Pakistani Fauj"", ""Pakistan Army Chief"", ""Imran Khan in Jailed"", ""USA Pakistan""]",Military_Veteran,Foreign_Policy,Interview,13.28147942,70348.32,1515,76,1942,0,1,145,0,1,0,0,0,1,0,0,0,1,0,0
44z-1eTKrdI,https://www.youtube.com/watch?v=44z-1eTKrdI,North East - Complex Security Challenges | Lt Gen Pradeep C Nair with Lt Gen Vikas Lakhera |,03-03-2025,30361,1313,214,"[""the chanakya dialogues"", ""youtube live the chanakya dialogues conclave"", ""national security"", ""foreign affairs"", ""indian defence conclave"", ""geopolitics"", ""atmanirbhar in war"", ""atmanirbhar bharat"", ""national security conclave"", ""indian army"", ""indian navy"", ""indian air force"", ""indian defence"", ""indian military"", ""major gaurav arya"", ""defence reforms"", ""geopolitical conclave"", ""indian armed forces"", ""indian defence sector"", ""defence conclave"", ""army conclave"", ""military and defence"", ""chanakya forum"", ""tcd hindi""]",Military_Veteran,General,Interview,10.32094711,3643.32,1278,92,1615,0,0,167,0,1,0,0,0,0,1,0,0,1,0,0
Ua5dg1inWj8,https://www.youtube.com/watch?v=Ua5dg1inWj8,What Caused the Jaffar Express Attack | Major Gaurav Arya | The Chanakya Dialogues |,13-03-2025,1073068,48043,4100,"[""Pakistan"", ""BLA"", ""Train Hijack"", ""Balochistan"", ""Baloch"", ""Jaffar Express"", ""21 Hostage"", ""Lt. Gen. Ahmed Sharif Chaudhary"", ""ISI"", ""Operation"", ""Baloch movement"", ""Sui Gas"", ""Lahore"", ""Natural Resources"", ""Chinese companies"", ""Gwaddar"", ""Fishermen"", ""150 Coffins"", ""ISPR"", ""Freedom Fighters"", ""Pakistan Army"", ""Baloch Liberation Army"", ""Quetta"", ""AFP"", ""Photograph"", ""Sniper"", ""Asim Munir"", ""Shehbaz Sharif"", ""Mohsin Naqvi"", ""Pakistan Home Minister"", ""SHO"", ""Pakistani Punjabi"", ""FIFA"", ""Made in Pakistan"", ""Major Gaurav Arya"", ""The Chanakya Dialogues""]",Military_Veteran,General,Interview,13.88603333,128768.16,980,84,1959,0,3,157,0,1,0,0,0,0,1,0,0,1,0,0
9evicU6X9Qg,https://www.youtube.com/watch?v=9evicU6X9Qg,"As US sanctions BLEED CHINA, DRAGON wants to befriend India | Major Gaurav Arya | Chanakya Dialogues",09-04-2025,909614,32893,2000,"[""USA"", ""China"", ""Donald Trump"", ""Trump Tariffs"", ""US China Conflict"", ""Tariff War"", ""World Trade War"", ""US China Relation"", ""Electric Vehicles"", ""Tesla"", ""BYD"", ""Domestic Product"", ""China vs US"", ""Chinese Product"", ""China Boycott US"", ""Jeffrey Sachs"", ""India America Relations"", ""Chinese Spokesperson"", ""India China Relations"", ""American Tariff"", ""Bharat Summit"", ""The Chanakya Dialogues"", ""Major Gaurav Arya"", ""Benjamin Netanyahu"", ""Gaza War"", ""Israel Gaza War"", ""Saddam Hussain"", ""Elon Musk"", ""The Chanakya Diaries"", ""tcd hindi""]",Military_Veteran,Geopolitics,Interview,13.72077671,109153.68,1535,100,2352,0,2,130,0,1,0,0,0,0,0,1,0,1,0,0
#NAME?,https://www.youtube.com/watch?v=-efl3zVZpCM,Tejas gets engine. Massive artillery order finalised | The Chanakya Dialogues Major Gaurav Arya |,27-03-2025,1061167,38521,2300,"[""China"", ""Pakistan"", ""India China Conflict"", ""Pakistan China Relation"", ""India China Relation"", ""Artillery Gun System"", ""Tejas Fighter Jet"", ""Tejas MArk1"", ""6th Generation Fighter Jet"", ""Turbofan Engines"", ""Air Chief Marshal AP Singh"", ""Indian Economy"", ""Indian Defence System"", ""Indian Weapons"", ""Indian Air Force"", ""Mig 21"", ""Sukhoi Aircraft"", ""LCA"", ""Rafale"", ""Atma Nirbharta"", ""AMCA"", ""Kalyani Forge"", ""Indian Army"", ""The Chanakya Dialogues"", ""Major Gaurav Arya"", ""tejas mark2"", ""defence news"", ""HAL Tejas"", ""indian air force"", ""tcd""]",Military_Veteran,General,Interview,13.87488075,127340.04,1383,97,2030,0,3,143,0,1,0,0,0,0,1,0,0,1,0,0
li-wiATOsDY,https://www.youtube.com/watch?v=li-wiATOsDY,Trump’s Tariff War and how India will tackle Trump | The Chanakya Dialogues Major Gaurav Arya |,03-04-2025,1045257,33898,2500,"[""Donald Trump"", ""Tariffs"", ""Reciprocal Tariffs"", ""India reciprocal tariffs"", ""Indias reply to tariff"", ""Canada"", ""UK"", ""China"", ""Xi Jinping"", ""Tariff on China"", ""Bullet Bike"", ""Automobile tariff"", ""Indian Ministry of Commerce"", ""Japan"", ""Japan reciprocal tariff"", ""Liberation day"", ""Trade"", ""Indian economy"", ""Modi and Trump"", ""Reply to China"", ""US Economy"", ""International news"", ""Cars and Bikes"", ""Price hike"", ""US egg prices"", ""Global News"", ""Current Affairs"", ""Geopolitics"", ""Hindi News Trump"", ""The Chanakya Dialogues"", ""Major Gaurav Arya""]",Military_Veteran,General,Interview,13.8597743,125430.84,1888,95,1869,0,3,136,0,1,0,0,0,0,1,0,0,1,0,0
FgKdqyo0Es4,https://www.youtube.com/watch?v=FgKdqyo0Es4,Infrastructure Development along the Northern Borders | Lt Gen Pratik Sharma |The Chanakya Dialogues,03-03-2025,12320,957,40,"[""The Chanakya Dialogues Conclave"", ""The Chanakya Dialogues"", ""YouTube Live The Chanakya Dialogues Conclave"", ""National Security"", ""Foreign Affairs"", ""Indian Defence Conclave"", ""Geopolitics"", ""Atmanirbhar in War"", ""Atmanirbhar Bharat"", ""National Security Conclave"", ""Indian Army"", ""Indian Navy"", ""Indian Air Force"", ""Indian Defence Sector""]",Military_Veteran,General,Interview,9.419060403,1478.4,976,100,1599,0,0,167,0,1,0,0,0,0,1,0,0,1,0,0
Y7yaXYAQCqs,https://www.youtube.com/watch?v=Y7yaXYAQCqs,BHARAT FORGE The India's Biggest Artillery Manufacturer |The Chanakya Dialogues | Major Gaurav Arya|,28-03-2025,16894,1104,40,"[""Major Gaurav Arya"", ""Indian Defence Expert Major Gaurav Arya"", ""Famous Defence Person In India Major Gaurav Arya"", ""Famous Army Person In India Major Gaurav Arya"", ""Defence Expert Major Gaurav Arya"", ""Top Indian Army Expert Major Gaurav Arya"", ""Indian Defence Analyst Major Gaurav Arya"", ""Famous Celebrity in Indian Army Major Gaurav Arya""]",Military_Veteran,General,Interview,9.734772999,2027.28,33,100,1414,0,4,142,0,1,0,0,0,0,1,0,0,1,0,0
LpiKyd0BoKM,https://www.youtube.com/watch?v=LpiKyd0BoKM,"The World is Burning: Pakistan, Yemen, and Iran | Major Gaurav Arya | The Chanakya Dialogues |",17-03-2025,825798,43006,1600,"[""Pakistan"", ""BLA"", ""Train Hijack"", ""Balochistan"", ""Baloch"", ""Jaffar Express"", ""Abu Qatal"", ""Hafiz Saeed"", ""Attack on Taj"", ""Pilgrimage bus Attack"", ""Rajouri Bus Attack"", ""Jhelum"", ""Noshki Attack"", ""Pakistani Army"", ""BLA Press Release"", ""DG ISPR"", ""Asim Munir"", ""Lahore"", ""Kashmir"", ""Punjab"", ""Bus Attack"", ""Military"", ""Militancy"", ""Pakistan Media"", ""Indian Media"", ""Global Media"", ""Al Jazeera"", ""BBC"", ""AP"", ""Majeed Brigade"", ""CPEC"", ""Afghanistan"", ""Iran"", ""Yemen"", ""Houthi"", ""Israel"", ""China"", ""POK"", ""US"", ""Trump"", ""Major Gaurav Arya"", ""The Chanakya Dialogues""]",Military_Veteran,Geopolitics,Interview,13.62410668,99095.76,1258,94,2033,0,0,153,0,1,0,0,0,0,0,1,0,1,0,0
WUGTAHLWxjU,https://www.youtube.com/watch?v=WUGTAHLWxjU,Jammu and Kashmir Rifles - Prashasta Ranvirta - Warriors of Sun and Snow Part 1 | Major Gaurav Arya,20-04-2025,92886,4871,398,"[""Indian Army"", ""Steel Fist"", ""The Chanakya Dialogues"", ""Major Gaurav Arya"", ""Jammu & Kashmir Rifles"", ""Jammu and Kashmir Rifles Regiment"", ""Captain Vikram Batra"", ""Operation Vijay 1999"", ""Captain Vikram Batra Regiment"", ""Indian Army Regiment"", ""General Upendra Dwivedi"", ""Gen Zorawar Singh"", ""Jammu and Kashmir Rifles"", ""Jak Rif"", ""Indian Military"", ""Indian Soldiers"", ""India Army Training"", ""Agniveer"", ""Indian Defence"", ""Brigadier Rajinder Singh"", ""Param Vir Chakra"", ""Ashok Chakra"", ""Mahavir Chakra"", ""tcd hindi""]",Military_Veteran,Foreign_Policy,Interview,11.43913898,11146.32,2727,99,1865,0,6,119,0,1,0,0,0,1,0,0,0,1,0,0
0WUKgAnD_dY,https://www.youtube.com/watch?v=0WUKgAnD_dY,"Trump's New Tariffs on China, Canada, and Mexico | The Chanakya Dialogues | Major Gaurav Arya",05-03-2025,37493,2047,118,"[""Zelenskyy"", ""Trump Zelenskyy clash"", ""Trump-Zelenskyy meet"", ""Trump Zelenskyy video"", ""Volodomyr Zelenskyy"", ""Donald Trump"", ""Russia Ukraine War"", ""Putin"", ""War in Ukraine"", ""White House"", ""Military AID"", ""Trump Zelenskyy Argument"", ""European Union"", ""Zelenskyy on India"", ""Trump Tariffs"", ""US China Relations"", ""US Tariffs"", ""The Chanakya Dialogues"", ""Major Gaurav Arya"", ""The Chanakya Diaries"", ""Russia Ukraine Peacedeal""]",Military_Veteran,Geopolitics,Interview,10.5319362,4499.16,189,93,1596,0,2,165,0,1,0,0,0,0,0,1,0,1,0,0
E84mMFCoScE,https://www.youtube.com/watch?v=E84mMFCoScE,Bangladesh Coup Conspiracy: Is Army planning revolt ? The Chanakya Dialogues | Major Gaurav Arya,26-03-2025,387925,25579,1100,"[""Bangladesh"", ""Bangladesh Army"", ""Muhammad Yunus"", ""Bangladesh Army Chief"", ""Protest in Bangladesh"", ""Sheikh Hasina"", ""Nasimul Haque Gani"", ""Jamatul Islami"", ""Bangladesh Military"", ""Violence in Bangladesh"", ""Major Gaurav Arya"", ""bangladesh army"", ""bangladesh military"", ""bangladesh elections"", ""bangladesh deploys army"", ""chanakya dialogues hindi"", ""students violence in bangladesh"", ""waqar uz zaman"", ""pak bangladesh relations"", ""pakistan isi"", ""coup in bangladesh"", ""mohammad shahabuddin"", ""bangladesh president""]",Military_Veteran,General,Interview,12.86856988,46551.0,760,96,1975,0,2,144,0,1,0,0,0,0,1,0,0,1,0,0
oaLSpohING4,https://www.youtube.com/watch?v=oaLSpohING4,Mahrang Baloch Leads the Uprising – Pakistan in Panic!| The Chanakya Dialogues | Major Gaurav Arya |,24-03-2025,565946,36111,2600,"[""#balochistan"", ""#pakistan"", ""#indiasupportsbalochistan"", ""#indiansupportsmahrangbaloch"", ""#balochistanvspakistanstate"", ""#pakistaniarmy"", ""#bla"", ""#ttp"", ""#freebalochistanmovement"", ""#savebalochwomen"", ""#freebalochistan"", ""#indiastandswithbaloch"", ""#balochfighter"", ""#mahrangbalochthenewleader"", ""#findmissingbalochpeople"", ""#majorgauravarya"", ""#thechanakyadialogueshindi"", ""#indianarmy"", ""#balochistannationalgathering"", ""America"", ""Fighter jets"", ""Muhammad Ali Jinnah"", ""F16 Fighter Jets""]",Military_Veteran,Geopolitics,Interview,13.24625571,67913.52,1114,100,1802,0,0,146,0,1,0,0,0,0,0,1,0,1,0,0
d0pr4Ik3VJY,https://www.youtube.com/watch?v=d0pr4Ik3VJY,"The World is Shifting, and New Alliances are Forming | The Chanakya Dialogues | Major Gaurav Arya |",11-03-2025,83495,3219,168,"[""Mark Carney"", ""Trump"", ""Canada"", ""Food Banks"", ""51st State of US"", ""Canada-India"", ""Middle East"", ""West Asia"", ""Justin Trudeau"", ""Liberal Party"", ""Canadians"", ""US-Canada"", ""Donald Trump"", ""US Aid"", ""US"", ""China"", ""Xi Jinping"", ""China Lobby"", ""Pakistan"", ""Chinese Muslims"", ""Pakistani Cricketers"", ""Tariffs"", ""Russia"", ""Soviet"", ""Game on"", ""US-India Relation"", ""Tariffs on India"", ""Mexico"", ""Japan"", ""Bharat"", ""NRI"", ""European Union"", ""Arab States"", ""Gaza"", ""Palestine"", ""Egypt"", ""UK"", ""Italy"", ""France"", ""Germany"", ""Israel"", ""The Chanakya Dialogues"", ""Major Gaurav Arya""]",Military_Veteran,General,Interview,11.33255401,10019.4,337,99,1920,0,1,159,0,1,0,0,0,0,1,0,0,1,0,0
gXgefOllIrc,https://www.youtube.com/watch?v=gXgefOllIrc,Why did Jinping reach to Vietnam amid US-CHINA TARIFF WAR? |The Chanakya Dialogues Major Gaurav Arya,15-04-2025,928330,33666,1700,"[""Major Gaurav Arya"", ""The Chanakya Dialogues"", ""China"", ""Donald Trump"", ""China US Relation"", ""US China Conflicts"", ""China US Trade"", ""Vietnam"", ""Xi Jin Ping"", ""India Africa Maritime Excercise"", ""INS Chennai"", ""Indian Navy"", ""Chinese Port"", ""PLA"", ""Chinese Navy"", ""Chinese Economy"", ""China-Vietnam War"", ""Trade War"", ""Tariff War"", ""US-China Tension"", ""US Vietnam Trade"", ""Vietnam China Trade Relation"", ""India China Trade"", ""Russian Navy in Bangladesh"", ""China Bangladesh Relation"", ""chanakya dialogues hindi"", ""chanakya dialogues""]",Military_Veteran,Geopolitics,Interview,13.74114363,111399.6,1580,100,2211,0,1,124,0,1,0,0,0,0,0,1,0,1,0,0
bmOeC2-d7SM,https://www.youtube.com/watch?v=bmOeC2-d7SM,Pahalgam Incident: Major Gaurav Arya's Special Appeal to PM Modi | The Chanakya Dialogues | Pakistan,23-04-2025,9433874,384805,79000,"[""the chanakya dialogues hindi"", ""major gaurav arya"", ""Pahalgam Incident"", ""Pahalgam Attack"", ""Pahalgam Terror Attack"", ""Pahalgam Terrorist Attack"", ""Pahalgam"", ""Kashmir Attack"", ""Kashmir Terrorist Attack"", ""Jammu and Kashmir"", ""PM Modi"", ""Home Minister Amit Shah"", ""NSA Ajit Doval"", ""NIA"", ""Indian Army"", ""Indian Navy"", ""IAF"", ""LOC"", ""LAC"", ""Asim Munir"", ""Pakistan on Pahalgam Attack"", ""Kashmir Tourist Attack"", ""Gaurav Arya on Pahalgam Attack"", ""Line of Control"", ""Pakistan Army"", ""PoK"", ""pahalgam attack update""]",Diplomat,Geopolitics,Interview,16.05981749,1132064.88,1270,100,2403,0,2,116,1,0,0,0,0,0,0,1,0,1,0,0
CkBntg5lcEs,https://www.youtube.com/watch?v=CkBntg5lcEs,Jammu and Kashmir Rifles - Prashasta Ranvirta - Warriors of Sun and Snow Part 2 | Major Gaurav Arya,18-05-2025,181016,10849,1000,"[""Indian Army"", ""Steel Fist"", ""The Chanakya Dialogues"", ""Major Gaurav Arya"", ""Jammu & Kashmir Rifles"", ""JAK Rif"", ""Jammu and Kashmir Rifles Regiment"", ""Captain Vikram Batra"", ""Subedar Major (Rifleman) Sanjay Kumar"", ""Operation Vijay 1999"", ""Captain Vikram Batra Regiment"", ""Indian Army Regiment"", ""General Upendra Dwivedi"", ""Gen Zorawar Singh""]",Military_Veteran,Foreign_Policy,Interview,12.10634623,21721.92,2731,99,1871,0,6,91,0,1,0,0,0,1,0,0,0,1,0,0
jWAuddFUWLI,https://www.youtube.com/watch?v=jWAuddFUWLI,America’s Dangerous Game Plan: A Big Deal with India Unfolds!| The Chanakya Dialogues,01-04-2025,237966,8845,280,"[""The Chanakya Dialogues"", ""Major Gaurav Arya"", ""Donald Trump"", ""US President"", ""Iran"", ""USA"", ""Trump threatens Iran"", ""resident Masoud Pezeshkian"", ""Iran US Nuclear Agreement"", ""Iran Supreme Leader Khamenei"", ""Israel Iran"", ""Middle East"", ""Trump vs Putin"", ""Russia Ukraine War"", ""Ukraine Russia Ceasefire Talks"", ""Zelenskyy"", ""India-US Nuclear Deal""]",Military_Veteran,Foreign_Policy,Interview,12.37988729,28555.92,739,85,1708,0,1,138,0,1,0,0,0,1,0,0,0,1,0,0
S6BwW-pRWWE,https://www.youtube.com/watch?v=S6BwW-pRWWE,India Ready to Strike. Pakistan Screams for Help | The Chanakya Dialogues Major Gaurav Arya,02-05-2025,1538122,95213,15000,"[""the chanakya dialogues"", ""major gaurav arya"", ""india pakistan war"", ""pahalgam terror attack"", ""pm modi"", ""rajnath singh"", ""s jaishankar"", ""indian army"", ""indian navy"", ""iaf"", ""india pakistan tension"", ""oic pakistan pahalgam attack"", ""us pahalgam attack"", ""donald trump"", ""pakistan stocks market crash"", ""bangladesh"", ""india strikes pakistan"", ""pakistan oic india pahalgam attack"", ""pak army"", ""india pakistan military conflict"", ""us supports india"", ""pakistan seeks help us"", ""jammu kashmir"", ""jammu terror attack"", ""tcd hindi""]",Diplomat,Geopolitics,Interview,14.2460734,184574.64,919,91,1925,0,4,107,1,0,0,0,0,0,0,1,0,1,0,0
UMyckk4ihOI,https://www.youtube.com/watch?v=UMyckk4ihOI,Steel Fist - Jammu And Kashmir Rifles Promo Part 2 | The Chanakya Dialogues | Major Gaurav Arya |,17-05-2025,30438,1555,98,[],Military_Veteran,General,Interview,10.32347996,3652.56,63,97,1380,0,5,92,0,1,0,0,0,0,1,0,0,1,0,0
iZSrT0FJXdw,https://www.youtube.com/watch?v=iZSrT0FJXdw,PM Modi gives ‘free hand’ to armed forces to punish PAK | The Chanakya Dialogues Major Gaurav Arya |,30-04-2025,2923359,108764,13000,"[""The Chanakya Dialogues"", ""Major Gaurav Arya"", ""India Pakistan Conflict"", ""Pahalgam Attack"", ""Kashmir Terrorist Attack"", ""India Cabinet Security Meeting"", ""Pm Modi"", ""Rajnath Singh"", ""Admiral Dinesh K Tripathi"", ""General Upendra Dwivedi"", ""CDS Anil Chauhan"", ""NSA Ajit Doval"", ""Line of Control"", ""Indian Army"", ""Indian Army Chief"", ""Ataullah Tarar"", ""Asim Munir"", ""Pakistani Media"", ""Pakistan Ministers"", ""Pakistan Army"", ""India Pakistan Tension"", ""India Pakistan Border"", ""Indian Military Indian Army Weapons""]",Military_Veteran,Foreign_Policy,Interview,14.8882442,350803.08,886,100,2044,0,2,109,0,1,0,0,0,1,0,0,0,1,0,0
Zw8BLHl4oK0,https://www.youtube.com/watch?v=Zw8BLHl4oK0,Steel Fist- Jammu and Kashmir Light Infantry Promo | The Chanakya Dialogues | Major Gaurav Arya |,08-03-2025,21633,1015,59,"[""Indian Army"", ""Jammu and Kashmir Light Infantry"", ""Indian Military"", ""Indian Soldiers"", ""Pakistan Army"", ""India China 1962 War"", ""Ind Pak 1971 War"", ""Maqbool Sherwani"", ""Army Training"", ""India-Pakistan"", ""Veer Nari"", ""Drill"", ""Kashmir Valley"", ""Balidanam Vir Lakshanam"", ""Steel Fist"", ""Major Gaurav Arya"", ""The Chanakya Dialogues"", ""Raja Hari Singh""]",Military_Veteran,General,Interview,9.98202143,2595.96,87,97,1563,0,5,162,0,1,0,0,0,0,1,0,0,1,0,0
zS2UbDPMx3s,https://www.youtube.com/watch?v=zS2UbDPMx3s,China's Big Statement on Trump's Reciprocal Tariffs | The Chanakya Dialogues | Major Gaurav Arya |,06-03-2025,746234,33466,2400,"[""Trump"", ""US"", ""China"", ""Tarrifs"", ""reciprocal"", ""India"", ""geopolitics"", ""international relations"", ""Oil and Gas in USA"", ""Oil Exporting Countries"", ""USA Economy"", ""Canadian Goods"", ""American Goods and Products"", ""Khalistani in Canada"", ""Drugs in USA"", ""Putin"", ""USA 51st State"", ""Canadian Economy"", ""European Nations"", ""Zelenskyy"", ""Russia Ukraine War"", ""Arab Leaders"", ""Reconstruction of Gaza"", ""War in Gaza"", ""The Chanakya Dialogues"", ""Major Gaurav Arya"", ""Hamas"", ""Hezbollah"", ""Israel Hamas War"", ""us china trade war"", ""us china conflict""]",Diplomat,Geopolitics,Interview,13.52279584,89548.08,765,98,1739,0,3,164,1,0,0,0,0,0,0,1,0,1,0,0
gJlDFqR2bAA,https://www.youtube.com/watch?v=gJlDFqR2bAA,"America’s Big Game? Trump Attacks Houthis – The Battle for Oil!""| The Chanakya Dialogues |",18-03-2025,163956,4442,221,"[""Pakistan"", ""BLA"", ""Train Hijack"", ""Balochistan"", ""Baloch"", ""Jaffar Express"", ""Abu Qatal"", ""Hafiz Saeed"", ""Attack on Taj"", ""Pilgrimage bus Attack"", ""Rajouri Bus Attack"", ""Jhelum"", ""Noshki Attack"", ""Pakistani Army"", ""BLA Press Release"", ""DG ISPR"", ""Asim Munir"", ""Lahore"", ""Kashmir"", ""Punjab"", ""Bus Attack"", ""Military"", ""Militancy"", ""Pakistan Media"", ""Indian Media"", ""Global Media"", ""Al Jazeera"", ""BBC"", ""AP"", ""Majeed Brigade"", ""CPEC"", ""Afghanistan"", ""Iran"", ""Yemen"", ""Houthi"", ""Israel"", ""China"", ""POK"", ""US"", ""Trump"", ""Major Gaurav Arya"", ""The Chanakya Dialogues""]",Military_Veteran,General,Interview,12.00735948,19674.72,271,90,1970,0,1,152,0,1,0,0,0,0,1,0,0,1,0,0
#NAME?,https://www.youtube.com/watch?v=-FHSCpvuNXk,Jammu & Kashmir Light Infantry - Balidanam Vir Lakshanam Pt. 1 | Steel Fist | The Chanakya Dialogues,09-03-2025,267043,10742,906,"[""Indian Army"", ""Jammu and Kashmir Light Infantry"", ""Indian Military"", ""Indian Soldiers"", ""Pakistan Army"", ""India China 1962 War"", ""Ind Pak 1971 War"", ""Maqbool Sherwani"", ""Army Training"", ""India-Pakistan"", ""Veer Nari"", ""Drill"", ""Kashmir Valley"", ""Balidanam Vir Lakshanam"", ""Steel Fist"", ""Major Gaurav Arya"", ""The Chanakya Dialogues"", ""Raja Hari Singh""]",Military_Veteran,General,Interview,12.49516872,32045.16,2804,100,1679,0,6,161,0,1,0,0,0,0,1,0,0,1,0,0
pmPpn_MjJ6M,https://www.youtube.com/watch?v=pmPpn_MjJ6M,Loss in US Stock Market & Canada's New Alliances | The Chanakya Dialogues | Major Gaurav Arya |,12-03-2025,74476,3087,192,"[""Mauritius"", ""$4 Trillion"", ""US Stocks"", ""Donald Trump"", ""Loss"", ""SP500"", ""Delta Airlines"", ""Tesla"", ""Elon Musk"", ""$125 Billion"", ""Tariff"", ""China"", ""India"", ""Stock Market"", ""Bombay Stock Exchange"", ""BSE"", ""Technology Stocks"", ""Apple"", ""NVIDIA"", ""Tariff War"", ""Canada"", ""Mexico"", ""Nationalism"", ""Stocks"", ""NSE"", ""51st State of US"", ""AI stocks"", ""India US friendships"", ""Chinese Troops"", ""India China"", ""Dragon and Elephant"", ""Oil and Gas"", ""Khalistan"", ""Nijjar"", ""Pannun"", ""Justin Trudeau"", ""Mark Carney"", ""Indian Economy"", ""Major Gaurav Arya"", ""The Chanakya Dialogoues""]",Military_Veteran,General,Interview,11.21824563,8937.12,401,95,1835,0,2,158,0,1,0,0,0,0,1,0,0,1,0,0
zt3UImloyvg,https://www.youtube.com/watch?v=zt3UImloyvg,Economic War Begins: India Targets Pakistan’s Economy | Major Gaurav Arya | The Chanakya Dialogues,04-05-2025,1937313,79659,9600,"[""indian pakistan war"", ""indian pakistan tensions"", ""pahalgam terror attack"", ""pahalgam attack"", ""kashmir attack"", ""us jd vance"", ""pakistan army"", ""pm modi"", ""jammu and kashmir"", ""indian ban on pakistani ships"", ""indian army vs pak army"", ""iaf"", ""indian navy"", ""the chanakya dialogues"", ""major gaurav arya"", ""jd vance on pahalgam"", ""us on india pakistan war"", ""india bans port for pakistan"", ""terror attack in pahalgam"", ""unsc on pahalgam"", ""imf"", ""pakistan imf loan"", ""s jaishankar"", ""fatf pakistan"", ""world bank"", ""tcd hindi""]",Diplomat,Geopolitics,Interview,14.47681304,232477.56,1325,98,1785,0,6,105,1,0,0,0,0,0,0,1,0,1,0,0
LIHjqlE03jk,https://www.youtube.com/watch?v=LIHjqlE03jk,"Pakistan’s Political Crisis: Army, America, and the Fight for Power| The Chanakya Dialogue |",26-03-2025,1177946,20831,2600,"[""Donald Trump"", ""Joe Wilson"", ""Pakistan Army"", ""Asim Munir"", ""Imran Khan"", ""Asim Malik Pakistan"", ""Pakistani Fauj"", ""Pakistan Army Chief"", ""Imran Khan in Jailed"", ""USA Pakistan"", ""USA and Pakistan Relations"", ""China"", ""America"", ""Iran"", ""F16 Fighter Jets"", ""Pakistan Backstabs Iran"", ""Major Gaurav Arya"", ""The Chanakya Dialogues""]",Military_Veteran,Geopolitics,Interview,13.97928365,141353.52,568,92,1772,0,2,144,0,1,0,0,0,0,0,1,0,1,0,0
y573lEk14dk,https://www.youtube.com/watch?v=y573lEk14dk,Russia vs Ukraine: Can America Bring Peace? | The Chanakya Dialogues |,20-03-2025,169382,6155,202,"[""Russia"", ""Ukraine"", ""Zelensky"", ""Vladimir Putin"", ""Donald Trump"", ""US"", ""Russian military"", ""Ukraine Military"", ""Russian Win"", ""Aatmanirbharta"", ""Aatmanirbhar Bharat"", ""Made in Russia"", ""GE"", ""Tejas"", ""Kaveri"", ""HAL"", ""Tank"", ""Europe"", ""China"", ""Russia Ukraine War"", ""60 Ukrainian soldiers"", ""Russian Capture"", ""El Pias"", ""Ceasefire"", ""Truce"", ""Trump Putin Phone Call"", ""Energy Industry"", ""Peace Treaty"", ""Military Aid"", ""NATO"", ""Canada"", ""Mexico"", ""Tariff War"", ""India"", ""Morality"", ""Eastern Europe"", ""Ukrainian Minerals"", ""Major Gaurav Arya"", ""The Chanakya Dialogues""]",Military_Veteran,Geopolitics,Interview,12.0399177,20325.84,471,70,1982,0,3,150,0,1,0,0,0,0,0,1,0,1,0,0
WceWxJd8530,https://www.youtube.com/watch?v=WceWxJd8530,Information Warfare: Fifth Front Against Pakistan | Major Gaurav Arya | The Chanakya Dialogues |,10-05-2025,1507129,55230,17000,"[""Information Warfare"", ""India Pakistan War"", ""Operation Sindoor"", ""India Strike Pakistan"", ""Social Media"", ""Fake News"", ""Khawaja Asif"", ""Pakistan Army""]",Military_Veteran,Geopolitics,Interview,14.22571774,180855.48,618,96,1484,0,5,99,0,1,0,0,0,0,0,1,0,1,0,0
qPWunCJm2dQ,https://www.youtube.com/watch?v=qPWunCJm2dQ,Gaza Reconstruction or Hamas Funding ? | The Chanakya Dialogues | Major Gaurav Arya |,06-03-2025,99591,6000,246,"[""Justin Trudeau"", ""Donald Trump"", ""Trump Gaza Plan"", ""Trump Tariffs"", ""Trudeau Resigns"", ""Oil and Gas in USA"", ""Oil Exporting Countries"", ""USA Economy"", ""Canadian Goods"", ""American Goods and Products"", ""Khalistani in Canada"", ""Drugs in USA"", ""Putin"", ""USA 51st State"", ""Canadian Economy"", ""European Nations"", ""Zelenskyy"", ""Russia Ukraine War"", ""Arab Leaders"", ""Reconstruction of Gaza"", ""War in Gaza"", ""The Chanakya Dialogues"", ""Major Gaurav Arya"", ""Hamas"", ""Hezbollah"", ""Israel Hamas War"", ""The Chanakya Diaries""]",Military_Veteran,Foreign_Policy,Interview,11.50883712,11950.92,339,85,1655,0,3,164,0,1,0,0,0,1,0,0,0,1,0,0
CjzbQmYP2lA,https://www.youtube.com/watch?v=CjzbQmYP2lA,"Bangladesh, China & Chicken’s Neck – What’s India’s Move? The Chanakya Dialogues | Major Gaurav Arya",01-04-2025,877456,43376,8100,"[""the chanakya dialogues"", ""major gaurav arya"", ""bangladesh"", ""muhammad yunus"", ""donald trump"", ""bangladesh us ties"", ""usa bangladesh relations"", ""trump yunus"", ""us president trump"", ""us aid bangladesh"", ""bangladesh interim govt"", ""china bangladesh relations"", ""india bangladesh conflict"", ""yunus china visits"", ""yunus meets jinping"", ""sheikh hasina"", ""indian army"", ""india chicken neck"", ""chicken's neck stratgey"", ""india bangladesh relations"", ""bangladesh crisis"", ""bangladesh india"", ""mohammad yunus america"", ""joe biden""]",Military_Veteran,Geopolitics,Interview,13.68478323,105294.72,1577,100,1938,0,1,138,0,1,0,0,0,0,0,1,0,1,0,0
